order_type,trade_count,avg_pnl,win_rate
stop,17,-68.27058823529413,0.47058823529411764
