order_type,trade_count,avg_pnl,win_rate
unknown,12,395.65833333333336,0.6666666666666666
