order_type,trade_count,avg_pnl,win_rate
stop,13,297.53076923076924,0.6153846153846154
