order_type,trade_count,avg_pnl,win_rate
stop,30,-203.39999999999998,0.43333333333333335
